,Sample,Area,Red Pixels,Red Ratio,Green Pixels,Dimensions
0,SF17-BE-p0007-r1_IMG_9375.JPG,9.1,1438.0,1.5977777777777777,3272.0,"[300, 300]"
1,SF17-BE-p0019-r1_IMG_7005.JPG,34.53,1272.0,1.4133333333333333,10982.0,"[300, 300]"
2,SF17-BE-p0019-r3_IMG_7002.JPG,12.29,1276.0,1.4177777777777778,3922.0,"[300, 300]"
3,SF17-BE-p0023-r2_IMG_7169.JPG,39.97,1330.0,1.4777777777777779,13289.000000000002,"[300, 300]"
4,SF17-BE-p0047-r1_IMG_7922.JPG,15.08,1065.0,1.1833333333333333,4014.9999999999995,"[300, 300]"
5,SF17-BE-p0047-r3_IMG_7919.JPG,6.25,1081.0,1.201111111111111,1688.0,"[300, 300]"
