,Sample,Area,Red Pixels,Red Ratio,Green Pixels,Dimensions,BarCode
0,SF17-BE-p0007-r1_IMG_9375.JPG,12.28,4240.0,1.1777777777777778,13020.999999999998,"[600, 600]",SF17-BE-p0007-r1
1,SF17-BE-p0019-r1_IMG_7005.JPG,25.84,5229.0,1.4525,33773.0,"[600, 600]",SF17-BE-p0019-r1
2,SF17-BE-p0019-r3_IMG_7002.JPG,11.71,5266.0,1.4627777777777777,15410.999999999998,"[600, 600]",SF17-BE-p0019-r3
3,SF17-BE-p0023-r2_IMG_7169.JPG,39.52,5303.0,1.4730555555555556,52391.0,"[600, 600]",SF17-BE-p0023-r2
4,IMG_7224.JPG,81.95,6217.0,1.7269444444444444,127371.0,"[600, 600]",CC0124FE18LSI081617
